-1.3891445398330688,2.1928586959838867,1
-3.7912144660949707,2.162607192993164,-1
-3.9410228729248047,2.763625383377075,-1
2.698063850402832,-2.140625,-1
-4.053377628326416,-2.7457120418548584,-1
-2.936314821243286,2.7454628944396973,1
-4.357292175292969,3.5944933891296387,1
2.0862069129943848,-2.415454626083374,-1
0.7181721329689026,-4.806179523468018,-1
-1.0034531354904175,-1.1211471557617188,-1
0.3666473925113678,-1.0955190658569336,-1
4.950798034667969,1.1228411197662354,1
0.3062954545021057,0.2885649800300598,1
-2.884002447128296,-2.7448904514312744,-1
4.022487163543701,-2.7624993324279785,-1
-4.596709728240967,4.4158148765563965,1
3.142651081085205,0.8136605024337769,1
2.2228176593780518,2.595323324203491,1
2.978745698928833,-2.181187152862549,-1
4.285045146942139,-2.94911527633667,-1
-0.17053598165512085,3.0413877964019775,1
-1.5638571977615356,1.4716016054153442,1
2.5034091472625732,0.39428403973579407,1
0.7904203534126282,-2.2119975090026855,-1
1.7061245441436768,1.2272162437438965,1
-3.989298105239868,0.2510342597961426,-1
-2.571995258331299,4.982365131378174,1
1.487928867340088,-4.053696155548096,-1
-3.7232508659362793,2.0593531131744385,-1
-0.615840494632721,1.2629228830337524,1
-2.1828348636627197,1.265350103378296,-1
-1.971470832824707,4.002309799194336,1
1.4127657413482666,4.548354625701904,1
2.993624448776245,3.7908411026000977,1
2.807749032974243,-0.1535157412290573,1
-2.66988468170166,-0.7487651705741882,-1
2.7445855140686035,-1.1666347980499268,1
-0.0996168702840805,-1.0089143514633179,-1
-1.7184185981750488,0.09947219491004944,-1
0.5272629857063293,4.882972240447998,1
1.1564253568649292,-0.11845586448907852,1
0.7619256377220154,0.33908241987228394,1
-3.4641287326812744,1.8369624614715576,-1
-0.5247023105621338,3.3243112564086914,1
-0.20166000723838806,4.5572428703308105,1
3.1903226375579834,3.7053074836730957,1
-1.384623408317566,0.5245606303215027,-1
2.097748041152954,-2.801046371459961,-1
2.5295307636260986,3.0374951362609863,1
4.036018371582031,3.6622889041900635,1
2.4703714847564697,-1.7330621480941772,-1
0.3662427067756653,-4.243110179901123,-1
-1.793009638786316,-1.9496140480041504,-1
-0.36390089988708496,-4.87575101852417,-1
2.6044833660125732,-4.70740270614624,-1
-2.7980804443359375,-2.875300884246826,-1
-2.266453266143799,-2.087143659591675,-1
1.5661059617996216,1.9209520816802979,1
-0.6235398650169373,-0.8361397385597229,-1
1.0874017477035522,-0.7716660499572754,-1
3.279369831085205,1.8445088863372803,1
-2.0655553340911865,-3.592683792114258,-1
-1.3800691366195679,1.4386330842971802,1
-0.32158756256103516,4.739952564239502,1
1.5910006761550903,-1.4660208225250244,-1
2.758465528488159,-3.289642572402954,-1
4.7452216148376465,4.010519981384277,1
-3.7959179878234863,-2.099637269973755,-1
-4.198029518127441,1.434431552886963,-1
-1.5387330055236816,0.7150232195854187,-1
2.987290620803833,-0.14615529775619507,1
4.9450154304504395,3.568636655807495,1
2.659067153930664,-3.235257625579834,-1
-0.9717082977294922,-1.6095198392868042,-1
-1.0361576080322266,-4.599862575531006,-1
4.578182220458984,1.3504621982574463,1
4.578312873840332,2.692937135696411,1
3.862773895263672,-3.4415805339813232,-1
-3.792314052581787,4.272658824920654,1
0.6776873469352722,0.15679293870925903,1
-1.555281400680542,0.6784376502037048,-1
4.8791022300720215,2.7049407958984375,1
4.837399482727051,4.605515956878662,1
1.1604902744293213,1.0443567037582397,1
-4.430126190185547,2.4496891498565674,-1
1.8731613159179688,-3.062422037124634,-1
-2.9696388244628906,4.673935413360596,1
0.9661340117454529,-1.310411810874939,-1
-0.27856379747390747,-1.4062784910202026,-1
3.708709955215454,3.689027786254883,1
-2.5377871990203857,4.062257289886475,1
4.759541988372803,4.347546577453613,1
2.6385817527770996,-2.7657856941223145,-1
-4.641135215759277,-2.730853319168091,-1
-0.6231845617294312,0.09621208161115646,-1
-1.0540482997894287,-4.352619647979736,-1
-1.0525171756744385,3.774625301361084,1
3.341750144958496,-2.133223056793213,-1
-0.549239456653595,1.766039490699768,1
-3.212956190109253,1.0759042501449585,-1
4.890869140625,-4.817056655883789,-1
4.589371204376221,-2.8970375061035156,-1
-2.883500099182129,-4.1329827308654785,-1
2.9073293209075928,-0.4991522431373596,1
-2.214258909225464,4.7946319580078125,1
-3.7112202644348145,4.737120151519775,1
-3.491844654083252,2.5839571952819824,-1
-4.020141124725342,-2.4146625995635986,-1
-4.376707077026367,-3.8896799087524414,-1
-3.2654058933258057,0.6277267932891846,-1
1.6940734386444092,0.24623753130435944,1
0.8803149461746216,0.445181280374527,1
-1.2748889923095703,-3.4351885318756104,-1
-0.26806962490081787,-1.4509116411209106,-1
-1.639816164970398,1.4799247980117798,1
4.098552227020264,3.4005091190338135,1
-2.130288600921631,4.743966102600098,1
-2.4111862182617188,0.9657452702522278,-1
-2.3917739391326904,-4.516444206237793,-1
-1.3033559322357178,-4.826660633087158,-1
-4.19652795791626,-2.973978281021118,-1
0.23712961375713348,-3.63391375541687,-1
0.032908834517002106,3.6541402339935303,1
-2.3974971771240234,-4.617373466491699,-1
1.5500309467315674,2.123915672302246,1
0.5211756229400635,3.256727933883667,1
0.7420601844787598,-1.7100560665130615,-1
-3.4718685150146484,1.6883635520935059,-1
-0.5677931904792786,4.505170822143555,1
-1.8071186542510986,-2.580778121948242,-1
-1.5161654949188232,-3.4033844470977783,-1
0.3015746474266052,4.436286926269531,1
-2.7794923782348633,0.1659064143896103,-1
-2.3472464084625244,1.5306546688079834,-1
4.545037746429443,4.723224639892578,1
-1.0983755588531494,-0.8452406525611877,-1
0.3222876787185669,0.7355400323867798,1
-3.024388551712036,-1.2502979040145874,-1
-0.41536736488342285,-0.9452350735664368,-1
1.9843518733978271,-0.24461206793785095,1
1.4256168603897095,4.388736724853516,1
-1.7398236989974976,4.369699478149414,1
-0.933512270450592,4.487692356109619,1
3.1905181407928467,-2.2110629081726074,-1
-2.488074541091919,4.541173934936523,1
1.8415733575820923,2.1402907371520996,1
0.45543214678764343,1.915057897567749,1
-1.9770642518997192,-4.3918962478637695,-1
-1.3485171794891357,-0.19431720674037933,-1
-0.594185471534729,4.359220504760742,1
-2.159322500228882,-0.3522033989429474,-1
1.5828354358673096,3.7887163162231445,1
-4.5042195320129395,1.1853270530700684,-1
3.5453176498413086,-2.6641719341278076,-1
2.15067195892334,-4.0012640953063965,-1
4.954306125640869,-4.339082717895508,-1
4.880871295928955,4.979981899261475,1
3.79453182220459,-3.6721889972686768,-1
-2.376554250717163,2.7558887004852295,1
1.5258673429489136,4.30189323425293,1
-4.544261932373047,2.3829784393310547,-1
1.68472421169281,-3.447185754776001,-1
-2.303485631942749,1.7715884447097778,-1
-2.961759090423584,-0.15828025341033936,-1
-2.2502543926239014,-0.7556272745132446,-1
-0.14300255477428436,-0.6235864758491516,-1
-4.019601345062256,-0.6059675812721252,-1
-0.3526228964328766,-2.566129207611084,-1
-4.40675687789917,1.9774044752120972,-1
2.7725956439971924,-4.721947193145752,-1
0.47982391715049744,-4.032205104827881,-1
-1.208195447921753,-1.2580273151397705,-1
-1.6946181058883667,-1.9152952432632446,-1
-0.9404376745223999,-2.303504705429077,-1
1.726667046546936,0.12987324595451355,1
4.153365135192871,2.2943482398986816,1
-4.436800003051758,2.280818462371826,-1
-1.9651851654052734,4.356358528137207,1
-2.011295795440674,0.1278265118598938,-1
-1.499608039855957,0.5579280853271484,-1
-0.633947491645813,1.6876035928726196,1
-4.559304237365723,-4.8227128982543945,-1
3.218229293823242,-3.1134259700775146,-1
0.7023994326591492,4.083077907562256,1
0.009433843195438385,-3.9209325313568115,-1
-4.06493616104126,-1.6326700448989868,-1
-4.095396995544434,-3.9495882987976074,-1
-2.29465913772583,-4.429083347320557,-1
-4.517733097076416,1.6522042751312256,-1
2.3739876747131348,-1.1979137659072876,1
-0.5052070021629333,-1.273188829421997,-1
-3.243494987487793,-0.7853195071220398,-1
-3.798285961151123,-0.699603259563446,-1
4.426105499267578,-4.708821773529053,-1
-2.454025983810425,3.1585640907287598,1
1.6681028604507446,3.1666955947875977,1
-0.500423789024353,0.8659433126449585,1
1.55771005153656,-4.166382789611816,-1
-0.7257590889930725,2.0508334636688232,1
-0.5913813710212708,-4.517474174499512,-1
0.7743410468101501,-0.6517264246940613,-1
-2.0723724365234375,2.4636237621307373,1
3.663506507873535,2.7796735763549805,1
-4.189021587371826,-3.6061434745788574,-1
0.722942590713501,1.5444152355194092,1
-0.7690563201904297,-0.21153868734836578,-1
2.7986397743225098,0.20858405530452728,1
1.6866044998168945,2.2616734504699707,1
0.566295862197876,4.098273754119873,1
4.0306501388549805,3.819854259490967,1
-2.4130876064300537,4.339657306671143,1
3.1344149112701416,-0.9386967420578003,1
-0.3173317611217499,-3.564709424972534,-1
4.616264820098877,0.2005426585674286,1
1.5318107604980469,-2.4741158485412598,-1
2.3338325023651123,-4.249122142791748,-1
2.562950372695923,-3.4409658908843994,-1
4.928494453430176,3.427544355392456,1
0.7232806086540222,-1.5288227796554565,-1
-2.389134407043457,0.37478306889533997,-1
4.501888275146484,-1.8137019872665405,1
-4.411003112792969,1.1736817359924316,-1
0.7084630727767944,2.7446796894073486,1
4.066320419311523,4.253654956817627,1
-2.0606579780578613,0.19726009666919708,-1
-1.4256863594055176,0.3089381158351898,-1
3.406989336013794,2.0359158515930176,1
-1.4447869062423706,2.11248779296875,1
3.8656270503997803,1.8772664070129395,1
-3.4269769191741943,3.7232069969177246,1
-0.26511043310165405,-3.1226491928100586,-1
-4.693563461303711,-1.5015875101089478,-1
-4.794990062713623,-0.07319499552249908,-1
4.565189361572266,-0.4480067789554596,1
-3.8988146781921387,0.06091857701539993,-1
0.9717527627944946,3.3397130966186523,1
1.591412901878357,-4.283768653869629,-1
3.663161277770996,-3.093367338180542,-1
-4.558775424957275,0.4750830829143524,-1
0.39316555857658386,1.997639536857605,1
-2.5496065616607666,3.7618045806884766,1
-0.24721361696720123,4.71058988571167,1
-4.049178123474121,-0.4110053777694702,-1
-3.1222586631774902,-2.3374183177948,-1
-2.198538303375244,4.899603366851807,1
1.9741029739379883,2.7433972358703613,1
3.1852660179138184,-4.689698696136475,-1
3.2689380645751953,-3.553835868835449,-1
-1.30520498752594,0.1338774561882019,-1
-1.419427752494812,-3.506200075149536,-1
3.6872611045837402,0.443183571100235,1
2.603506088256836,-1.979170560836792,-1
1.6964178085327148,3.6364002227783203,1
0.215912863612175,-0.07633541524410248,-1
0.8078570365905762,-4.5268330574035645,-1
-0.35697826743125916,-2.8415329456329346,-1
4.335902214050293,-4.126612663269043,-1
3.147599935531616,2.7442197799682617,1
-4.115561008453369,-2.094716787338257,-1
-2.930881977081299,4.0196533203125,1
0.9306589961051941,0.3365381062030792,1
-2.5039074420928955,1.3061870336532593,-1
0.4398331642150879,2.882136344909668,1
2.6314737796783447,3.5450637340545654,1
0.7008753418922424,-0.1452322155237198,-1
-2.0011491775512695,4.705365180969238,1
-2.4334070682525635,2.308439254760742,1
-3.9623749256134033,-3.199378252029419,-1
2.589165449142456,0.963189423084259,1
-2.65179443359375,0.20523308217525482,-1
3.1605300903320312,2.2085824012756348,1
-3.1263415813446045,-0.3720555007457733,-1
-1.3010040521621704,-2.6940906047821045,-1
4.6421427726745605,4.578129291534424,1
0.16754937171936035,0.5437982678413391,1
-2.6551482677459717,-3.548351764678955,-1
0.7659482359886169,-4.450799942016602,-1
3.9870657920837402,0.46657484769821167,1
1.5078537464141846,0.2154799848794937,1
-3.874675989151001,-0.40492045879364014,-1
-3.424121141433716,-0.21839068830013275,-1
0.7915983200073242,-0.6336990594863892,-1
-0.15842226147651672,4.4812235832214355,1
2.1057567596435547,-3.043972969055176,-1
-4.255956649780273,2.8775715827941895,-1
-4.209512233734131,-4.667459964752197,-1
4.839915752410889,4.510149955749512,1
-0.6717538237571716,3.393986225128174,1
-3.230754852294922,-4.198916912078857,-1
-0.6623234152793884,-3.9888498783111572,-1
1.1258044242858887,1.304072380065918,1
-3.1026430130004883,3.680530309677124,1
-0.22293299436569214,-1.6739968061447144,-1
1.0075987577438354,0.09612604230642319,1
2.5482261180877686,-3.2889292240142822,-1
0.15642918646335602,-2.6356425285339355,-1
1.8662588596343994,-2.850458860397339,-1
2.0437679290771484,2.815070152282715,1
0.954189121723175,0.7580366730690002,1
1.9182113409042358,-1.5974297523498535,-1
4.472331523895264,-0.12450093030929565,1
0.6937163472175598,3.5441746711730957,1
0.12245429307222366,-4.971251010894775,-1
-4.961126327514648,4.909754753112793,1
4.662426948547363,-4.156176567077637,-1
2.969350576400757,2.1542866230010986,1
-1.976934552192688,4.3140459060668945,1
0.12446929514408112,-3.1235790252685547,-1
4.775527000427246,-2.71696400642395,1
3.871783971786499,3.189612627029419,1
3.066748857498169,1.2606526613235474,1
4.658904552459717,2.208362102508545,1
-2.677940845489502,-3.237898826599121,-1
-3.3802907466888428,-0.5193720459938049,-1
2.50824236869812,1.2452312707901,1
2.3424792289733887,3.938504695892334,1
4.55696439743042,-0.5817052125930786,1
-0.07962632924318314,-0.7072474360466003,-1
3.6676199436187744,-2.799790620803833,-1
3.9300625324249268,3.962801933288574,1
4.640292644500732,0.9376375675201416,1
-4.177781581878662,3.612356185913086,1
1.1336690187454224,-3.3820438385009766,-1
3.357962131500244,1.1517400741577148,1
-1.2006202936172485,4.764452934265137,1
3.1882472038269043,2.6716554164886475,1
-4.386612415313721,-4.540135860443115,-1
-4.551443099975586,4.189016342163086,1
-3.5933210849761963,4.5166144371032715,1
4.329184055328369,3.31406307220459,1
2.5916614532470703,-3.8030967712402344,-1
3.981745481491089,1.988952875137329,1
-2.612698793411255,0.08304213732481003,-1
4.835482597351074,1.301558017730713,1
1.465186357498169,-0.29179754853248596,1
1.4222826957702637,-2.955792188644409,-1
3.8703317642211914,-1.619983196258545,1
-0.8527474403381348,-4.834371566772461,-1
-1.6853076219558716,3.264230251312256,1
4.0920610427856445,-0.44465166330337524,1
-4.502018451690674,2.2428648471832275,-1
-3.0988380908966064,0.7033618688583374,-1
-2.0204601287841797,-0.6788685917854309,-1
-0.923600971698761,2.6938438415527344,1
-4.693360328674316,3.4295849800109863,-1
-2.4066202640533447,-2.2797622680664062,-1
3.598743438720703,2.352782726287842,1
1.6534048318862915,1.8500474691390991,1
-4.406112194061279,-1.7870240211486816,-1
3.5976219177246094,3.1211838722229004,1
4.282491683959961,3.4471302032470703,1
4.5354695320129395,3.2177236080169678,1
-4.314461708068848,-3.4621741771698,-1
4.077361583709717,-3.0485329627990723,-1
4.078219413757324,4.893373966217041,1
2.7119596004486084,-0.4333145022392273,1
-3.9832406044006348,-1.780272126197815,-1
4.831266403198242,0.4889700412750244,1
-2.104698419570923,-0.5134439468383789,-1
0.1821666955947876,3.555107593536377,1
-4.558650493621826,2.1620869636535645,-1
1.6109285354614258,-2.010573148727417,-1
2.552424907684326,1.7761236429214478,1
-2.632420778274536,1.4330716133117676,-1
1.1832239627838135,-2.93212628364563,-1
-3.0500571727752686,-3.8138277530670166,-1
3.6117045879364014,0.9850174784660339,1
0.4925374984741211,2.488909959793091,1
3.344177007675171,4.622694969177246,1
3.0434036254882812,-1.8540295362472534,-1
1.1636054515838623,-2.174137830734253,-1
-3.2776639461517334,2.0899124145507812,-1
-1.618022084236145,-1.3742626905441284,-1
-4.283121109008789,0.5824868083000183,-1
0.22673143446445465,-0.05919218063354492,-1
1.3478327989578247,-1.3310478925704956,-1
-1.527129888534546,-3.9548463821411133,-1
-2.9760797023773193,-3.7710378170013428,-1
3.9265472888946533,3.1915953159332275,1
-4.194368362426758,-2.491401195526123,-1
-3.8274710178375244,-1.5255554914474487,-1
-3.488816499710083,-4.628345012664795,-1
0.11709121614694595,-1.4735983610153198,-1
-2.177102565765381,-3.3257200717926025,-1
-3.7104530334472656,4.966408729553223,1
3.690204620361328,3.1456120014190674,1
4.609744071960449,-3.349968671798706,-1
-2.524132013320923,2.948051691055298,1
-0.6144974231719971,-0.2787846028804779,-1
-3.245089054107666,1.6943289041519165,-1
-3.3268823623657227,-4.7759857177734375,-1
-4.548875331878662,-1.885456919670105,-1
3.815680980682373,0.6051692962646484,1
-4.916080951690674,-1.2051308155059814,-1
4.968122482299805,-4.1768269538879395,-1
2.2986831665039062,-1.5493650436401367,-1
-4.2754926681518555,-3.0232784748077393,-1
-4.433314800262451,-2.950005054473877,-1
4.582278251647949,0.37522321939468384,1
-0.03402915969491005,2.770437479019165,1
-1.0902498960494995,-2.203701972961426,-1
-4.707428932189941,0.24888066947460175,-1
-1.6726680994033813,-0.6900316476821899,-1
-0.5982521772384644,-3.1228725910186768,-1
-1.0304328203201294,3.4965031147003174,1
-4.358112335205078,-4.002035140991211,-1
-2.035757064819336,-3.8553481101989746,-1
0.5190370082855225,4.7732086181640625,1
-1.3535531759262085,-2.410740375518799,-1
-4.682020664215088,-3.7764899730682373,-1
3.5195977687835693,-4.267971992492676,-1
3.306126832962036,-0.5192416906356812,1
3.7821130752563477,-3.5135486125946045,-1
2.359408140182495,-0.35257434844970703,1
1.3575202226638794,-4.102283000946045,-1
1.374706745147705,-1.1767804622650146,-1
1.7974543571472168,-1.4893684387207031,-1
-2.3286921977996826,2.837921619415283,1
4.1711344718933105,4.69340181350708,1
1.7341994047164917,4.020306587219238,1
-2.888461112976074,-4.427649021148682,-1
-4.885041236877441,-1.063446044921875,-1
-1.4423497915267944,-2.007563829421997,-1
-2.9186487197875977,1.4475796222686768,-1
0.41378092765808105,3.4906818866729736,1
-4.30534029006958,-4.336776256561279,-1
-1.6588764190673828,4.6544189453125,1
-0.6058545708656311,0.41225963830947876,-1
1.2033177614212036,-0.5665138959884644,-1
-4.119052886962891,-3.2993075847625732,-1
4.306964874267578,-1.0146980285644531,1
-3.880903959274292,2.2968363761901855,-1
-4.490339756011963,-2.54599666595459,-1
2.6092329025268555,3.0601773262023926,1
3.51225209236145,2.719592332839966,1
2.740992307662964,-1.0779609680175781,1
3.208683729171753,-4.399690628051758,-1
-0.007083401083946228,3.529587745666504,1
3.8359084129333496,1.2512130737304688,1
-1.9758518934249878,0.48073023557662964,-1
1.8480125665664673,0.5742159485816956,1
-4.709959030151367,-4.194034099578857,-1
1.9328162670135498,1.339581847190857,1
0.714225172996521,-4.105716228485107,-1
-3.604126453399658,-1.583828091621399,-1
4.162546157836914,2.4136931896209717,1
-4.744080543518066,0.017472999170422554,-1
-1.0103116035461426,0.9430110454559326,-1
-3.172532558441162,2.1927263736724854,-1
-2.23280668258667,-1.989972472190857,-1
1.310384750366211,-3.0727760791778564,-1
-3.5480411052703857,2.0221993923187256,-1
-2.0370678901672363,0.16311834752559662,-1
-3.282788038253784,-2.8204691410064697,-1
-0.196121484041214,4.8118486404418945,1
0.9433243274688721,-4.12468147277832,-1
-1.529047966003418,0.40155503153800964,-1
-0.5462596416473389,4.318950653076172,1
-4.142973899841309,-4.61237907409668,-1
4.981672763824463,-1.8440312147140503,1
-1.5479193925857544,0.3517411947250366,-1
-4.933885097503662,-0.2858811616897583,-1
4.938114643096924,0.32469072937965393,1
-0.8988930583000183,-3.8298778533935547,-1
-2.484161853790283,2.290221691131592,1
3.1000802516937256,-1.5895698070526123,1
2.68609881401062,-0.4377060830593109,1
1.887508511543274,3.6502256393432617,1
-2.2343544960021973,-1.8248997926712036,-1
-4.60703182220459,0.978460431098938,-1
-4.714022159576416,1.685119867324829,-1
2.9981086254119873,-2.0872724056243896,-1
-1.3943439722061157,-0.14330393075942993,-1
-2.5250728130340576,-2.223710298538208,-1
-1.439398169517517,3.5873990058898926,1
-2.045870065689087,2.25058913230896,1
2.7835521697998047,3.1267030239105225,1
-0.42475426197052,0.8100939989089966,1
-3.5570290088653564,-0.8487281799316406,-1
-4.0044355392456055,-1.0876574516296387,-1
-4.416635036468506,-3.417590379714966,-1
-0.227154940366745,-0.20543783903121948,-1
1.9930912256240845,-0.8339961767196655,1
4.787144660949707,0.5192621946334839,1
1.5823800563812256,-1.217451572418213,-1
4.329998016357422,1.5147082805633545,1
-3.3765530586242676,-2.785393476486206,-1
-1.7354236841201782,0.2722059488296509,-1
-4.113806247711182,-0.32866960763931274,-1
2.7483391761779785,4.090635299682617,1
-4.302844524383545,-1.2455711364746094,-1
-3.5899100303649902,3.7996931076049805,1
-0.7440197467803955,4.747232913970947,1
-2.413774013519287,0.24681739509105682,-1
1.1628652811050415,3.1182804107666016,1
-1.7536215782165527,-2.0012192726135254,-1
-0.9579646587371826,2.9530999660491943,1
1.5765153169631958,-3.812540292739868,-1
4.390456676483154,0.6626498699188232,1
1.8379791975021362,4.7202982902526855,1
0.33765462040901184,1.7641189098358154,1
-2.9161810874938965,-4.820499420166016,-1
4.871614933013916,-0.21042007207870483,1
-2.4108338356018066,-0.3499925434589386,-1
4.267412185668945,-4.549765586853027,-1
-4.5597028732299805,-2.5551817417144775,-1
2.9493308067321777,1.068763017654419,1
3.6274123191833496,-0.7627534866333008,1
2.8239004611968994,4.989564895629883,1
-3.8009440898895264,0.46320289373397827,-1
-2.7596042156219482,-1.8135817050933838,-1
4.561487197875977,1.022621512413025,1
2.166996955871582,0.6093833446502686,1
-1.1557905673980713,-3.712341070175171,-1
-0.08504728972911835,-2.0524864196777344,-1
-2.5967514514923096,-4.783690452575684,-1
-1.2002859115600586,0.4312203824520111,-1
1.9966683387756348,4.973598957061768,1
-4.502835273742676,4.057894706726074,1
0.9421951174736023,-2.121467113494873,-1
-4.465298175811768,1.1966592073440552,-1
-2.3452789783477783,-4.276509761810303,-1
1.351064682006836,1.9128851890563965,1
-2.638160228729248,-1.446229338645935,-1
-3.334540843963623,-0.4496191442012787,-1
0.5084648132324219,-0.15148039162158966,-1
0.5156462788581848,4.118916034698486,1
-2.61303448677063,-2.2897329330444336,-1
4.256324291229248,4.857020854949951,1
4.867152690887451,2.1488373279571533,1
0.05326433107256889,-1.0252469778060913,-1
2.7508296966552734,1.8363990783691406,1
-0.034703124314546585,-2.9715940952301025,-1
4.23852014541626,-0.1860595941543579,1
0.57539963722229,-3.3611202239990234,-1
2.271374464035034,-3.4545297622680664,-1
-0.6862377524375916,-4.662275791168213,-1
1.0991458892822266,0.4447634816169739,1
-4.890142917633057,0.20959992706775665,-1
0.32551226019859314,0.5404847860336304,1
-2.1828219890594482,-3.3027989864349365,-1
-3.1050755977630615,3.2990331649780273,1
-2.026545286178589,1.4444224834442139,-1
-0.9894599318504333,-4.209524154663086,-1
0.8907840847969055,4.375834941864014,1
4.810694217681885,0.36145246028900146,1
-3.1857290267944336,3.345292568206787,1
-2.218245029449463,1.7699373960494995,-1
1.9443992376327515,0.6337615251541138,1
0.3480985164642334,-3.6597211360931396,-1
3.487506866455078,4.3362274169921875,1
-3.144674777984619,4.1129350662231445,1
-4.4196319580078125,-0.7501963376998901,-1
-2.749262809753418,-0.8081472516059875,-1
1.9290335178375244,1.2599238157272339,1
3.1654834747314453,0.5334462523460388,1
-4.691280364990234,-3.581223726272583,-1
-1.1843332052230835,-4.7253546714782715,-1
3.690676212310791,0.9198969602584839,1
0.1651046872138977,-0.6364942193031311,-1
-2.3064002990722656,0.9951013922691345,-1
-2.869680881500244,-4.265614986419678,-1
4.301311492919922,2.394713878631592,1
-4.741271495819092,-1.4392964839935303,-1
-2.6549582481384277,-2.4407007694244385,-1
-4.72610330581665,3.221824884414673,-1
-3.882173538208008,4.850885391235352,1
1.1570931673049927,-4.463388919830322,-1
-0.32986581325531006,-1.7160793542861938,-1
0.022306250408291817,0.5447139143943787,1
-4.169987678527832,-1.9190236330032349,-1
-0.057763274759054184,0.6576905250549316,1
0.7976536154747009,2.075477361679077,1
-4.904301643371582,-4.644463539123535,-1
-2.716550350189209,-4.506502151489258,-1
1.1322367191314697,-0.22974728047847748,1
-3.409780979156494,1.9689373970031738,-1
-2.512331247329712,-2.5234220027923584,-1
2.784449815750122,1.7811462879180908,1
-2.465358257293701,3.601024866104126,1
-4.841965675354004,4.251346111297607,1
1.9151890277862549,-2.0361125469207764,-1
-1.4488872289657593,-0.006052940618246794,-1
-4.822334289550781,4.384891986846924,1
-0.21171854436397552,-4.708864212036133,-1
0.9283261895179749,1.5116868019104004,1
2.474569797515869,-4.756129741668701,-1
-3.8917999267578125,2.5713725090026855,-1
1.7042218446731567,4.549685001373291,1
0.7188165783882141,-3.7011969089508057,-1
4.854464054107666,4.7674760818481445,1
-4.654287815093994,-1.0386079549789429,-1
4.568077087402344,4.751694679260254,1
-4.833447456359863,-2.1213228702545166,-1
-4.727259159088135,-3.4268417358398438,-1
-4.218911647796631,0.12591895461082458,-1
-4.858257293701172,2.6909356117248535,-1
3.1630489826202393,-3.785486936569214,-1
1.2698044776916504,1.3995417356491089,1
-2.6905131340026855,-2.5419793128967285,-1
-2.980597972869873,-3.3520615100860596,-1
-3.2490527629852295,-2.5388660430908203,-1
-3.01289439201355,-4.788398742675781,-1
-1.0137380361557007,2.709906816482544,1
-3.153895616531372,-1.1038174629211426,-1
0.11862467974424362,4.595102787017822,1
2.4402220249176025,1.9610624313354492,1
-4.504978656768799,-4.633481025695801,-1
4.936365127563477,4.273348331451416,1
1.988965630531311,3.4946720600128174,1
-3.4135043621063232,-1.1623531579971313,-1
1.716879963874817,-0.292767196893692,1
4.706852436065674,-1.7058025598526,1
-3.558635711669922,3.5711276531219482,1
-0.14871318638324738,-1.2622743844985962,-1
1.6899722814559937,1.9072299003601074,1
-2.162774085998535,0.781637966632843,-1
-0.29398664832115173,4.55308198928833,1
4.276908874511719,-2.82305908203125,-1
0.7482870221138,0.03010866604745388,1
4.573185443878174,3.492544651031494,1
2.969547986984253,3.525290012359619,1
1.9583083391189575,3.3733608722686768,1
2.128885269165039,2.2632899284362793,1
1.085793137550354,2.7148890495300293,1
3.7311034202575684,-1.1764626502990723,1
4.929548263549805,-2.272270441055298,1
1.8365633487701416,1.2477844953536987,1
-1.6988633871078491,0.3127489387989044,-1
0.7478517293930054,-0.11282338947057724,1
2.165158748626709,0.42737266421318054,1
-1.9449740648269653,4.853883743286133,1
-0.8856140375137329,-0.8042469620704651,-1
0.1090756505727768,4.670863628387451,1
1.8604235649108887,-1.599674940109253,-1
3.893631935119629,-3.7456657886505127,-1
3.4023170471191406,1.6895283460617065,1
2.477849006652832,-1.2829393148422241,1
-0.34534674882888794,0.34623783826828003,-1
4.758769989013672,-1.3534384965896606,1
2.7483575344085693,1.7837117910385132,1
4.0393781661987305,2.4908719062805176,1
-4.038481712341309,2.0706334114074707,-1
4.1389336585998535,2.47550368309021,1
-0.7057802677154541,4.734085559844971,1
-3.8049263954162598,-3.921234130859375,-1
-1.9295015335083008,-3.150935411453247,-1
4.092555522918701,-4.491382122039795,-1
-4.367816925048828,-0.004596809856593609,-1
1.5414106845855713,2.852754592895508,1
-4.81648588180542,-1.9522550106048584,-1
-0.7723399996757507,-1.385378360748291,-1
-4.847912311553955,-4.038535118103027,-1
-3.8273561000823975,-3.7984089851379395,-1
-2.9492011070251465,3.727213144302368,1
-4.53759765625,2.5975334644317627,-1
4.757105827331543,-2.5109918117523193,1
0.8464335203170776,-4.069458961486816,-1
-0.6299191117286682,-4.544413089752197,-1
-2.6444480419158936,3.9375722408294678,1
4.362344264984131,-0.31802868843078613,1
-3.948547124862671,3.4313015937805176,1
1.6131287813186646,-3.942018747329712,-1
0.2959873378276825,-0.20951998233795166,-1
0.09035224467515945,3.9126994609832764,1
-1.4839656352996826,-2.776381015777588,-1
-4.556269645690918,3.528639078140259,1
-3.6597414016723633,-4.903168678283691,-1
0.5775860548019409,4.556649208068848,1
-0.8030828237533569,2.9701778888702393,1
4.391164779663086,0.8323501348495483,1
4.9872870445251465,-2.8471131324768066,1
-1.6940975189208984,-2.5828440189361572,-1
-4.712838172912598,4.5663161277771,1
-2.0567710399627686,3.8217110633850098,1
2.679260015487671,-4.505436420440674,-1
0.3731366693973541,3.316829204559326,1
1.2822902202606201,-4.593868255615234,-1
-4.2771172523498535,1.996793270111084,-1
-2.682217597961426,-2.553929328918457,-1
-4.3831706047058105,2.832134962081909,-1
-3.3562819957733154,1.4265458583831787,-1
-0.08742468059062958,-0.6662173867225647,-1
-3.415647268295288,2.1847856044769287,-1
-2.4948337078094482,0.6477304697036743,-1
0.09853775799274445,0.030880406498908997,-1
-3.4096858501434326,4.9091477394104,1
1.3542218208312988,-1.326073408126831,-1
4.709194660186768,0.5071107149124146,1
3.1147172451019287,1.4935150146484375,1
-0.858460009098053,-4.454092502593994,-1
-2.0073039531707764,-4.6854143142700195,-1
3.770371198654175,4.2361321449279785,1
-2.4092233180999756,1.9471865892410278,1
-0.5891309380531311,-4.791450023651123,-1
-4.1770477294921875,1.6686838865280151,-1
0.7775140404701233,0.8159744739532471,1
-4.700995922088623,-0.4455074071884155,-1
4.757767677307129,-1.6268224716186523,1
-1.4455775022506714,-4.895587921142578,-1
1.4672154188156128,3.982102870941162,1
-0.8787258267402649,-2.0348403453826904,-1
1.6802183389663696,-2.9005701541900635,-1
0.9608107209205627,-2.2842788696289062,-1
1.6617774963378906,-0.6742046475410461,1
-1.3834658861160278,3.6606435775756836,1
-0.8295581340789795,4.030751705169678,1
4.5968098640441895,1.367419719696045,1
2.458737373352051,4.374794006347656,1
4.959012031555176,-3.71238112449646,-1
-2.5332610607147217,-3.9504284858703613,-1
-1.1574249267578125,1.2174475193023682,1
-2.91396164894104,-2.3703534603118896,-1
2.7862207889556885,3.581923723220825,1
0.36551061272621155,-4.186054706573486,-1
-3.9349827766418457,0.5678815245628357,-1
-1.1630833148956299,-4.967702865600586,-1
-1.004188895225525,4.984520435333252,1
1.7575234174728394,0.9022351503372192,1
2.184983015060425,2.396243095397949,1
1.9985603094100952,4.843491554260254,1
1.0303401947021484,0.5510360598564148,1
-0.447521835565567,2.7923829555511475,1
-3.5606203079223633,-4.581338405609131,-1
0.1886049062013626,4.405559539794922,1
-0.3109802305698395,4.256444931030273,1
2.655949592590332,0.40233975648880005,1
-3.3726909160614014,-4.963535785675049,-1
-0.9864696264266968,4.767133712768555,1
4.005500793457031,3.296452522277832,1
-0.8372450470924377,-4.581784725189209,-1
-1.3707282543182373,2.017749786376953,1
2.463017702102661,1.6463693380355835,1
-1.7692358493804932,-2.512849807739258,-1
-3.5691847801208496,-0.8632895946502686,-1
1.4885069131851196,4.265510082244873,1
4.954331398010254,3.7092294692993164,1
3.460174560546875,-4.635504722595215,-1
-3.8004262447357178,3.0483944416046143,1
1.8435267210006714,-0.47613823413848877,1
3.4407896995544434,1.639394998550415,1
-1.0562382936477661,-3.914815664291382,-1
0.41703203320503235,-2.111612319946289,-1
4.000911235809326,-0.6260479688644409,1
-3.501619577407837,3.9763622283935547,1
0.6187925338745117,-1.2695183753967285,-1
-4.0605340003967285,-1.618983507156372,-1
4.437422752380371,-2.628901958465576,-1
-0.19540655612945557,-1.801706314086914,-1
-3.096304178237915,3.1145615577697754,1
-1.232114315032959,3.404998540878296,1
2.020505666732788,-3.3252744674682617,-1
-0.07647516578435898,-1.9738203287124634,-1
4.29240083694458,-1.3010671138763428,1
0.9853009581565857,3.8057236671447754,1
-2.2637691497802734,-4.977332592010498,-1
0.8113183975219727,0.4258788526058197,1
-2.2118453979492188,0.7145019769668579,-1
-3.9411449432373047,2.581191062927246,-1
0.2137504518032074,-2.5986151695251465,-1
-0.04399343580007553,-1.7154059410095215,-1
3.715879201889038,-4.907156944274902,-1
0.6708886027336121,4.668168544769287,1
-4.164676666259766,-0.7363261580467224,-1
3.565814256668091,-2.761648654937744,-1
4.9521307945251465,-3.691768169403076,-1
3.742997169494629,-3.94486927986145,-1
4.720973491668701,-4.354580402374268,-1
2.719984292984009,-2.3729569911956787,-1
1.1117243766784668,4.732011795043945,1
-4.18285608291626,4.448544025421143,1
-3.623152732849121,4.032961845397949,1
4.896195411682129,-4.946406841278076,-1
-1.2699145078659058,2.6008479595184326,1
4.457891941070557,-3.7809410095214844,-1
1.2963247299194336,1.3326334953308105,1
-2.211379051208496,-4.476183891296387,-1
-1.0196070671081543,0.20043928921222687,-1
3.8398139476776123,-3.1458284854888916,-1
-2.6970415115356445,-2.2059690952301025,-1
4.830709457397461,3.6435225009918213,1
2.9645726680755615,-3.633756399154663,-1
-0.8158499598503113,4.643916130065918,1
1.9242910146713257,3.2385878562927246,1
4.336731433868408,4.849440574645996,1
-2.882791757583618,-0.09721548855304718,-1
-0.7912335395812988,-0.1738448590040207,-1
4.585620403289795,3.445004940032959,1
-3.3238329887390137,-4.849486351013184,-1
3.761427402496338,1.0230977535247803,1
2.2554850578308105,3.9180238246917725,1
4.91277551651001,-2.956895112991333,-1
-3.6050055027008057,4.356132507324219,1
4.355830192565918,4.409883975982666,1
4.258843421936035,-3.5399036407470703,-1
-4.067038059234619,-4.232329368591309,-1
-1.3020652532577515,1.2678754329681396,1
-4.528482437133789,-2.0000741481781006,-1
-0.7796540260314941,-1.1001670360565186,-1
3.4627397060394287,3.4238345623016357,1
2.2057278156280518,1.8113062381744385,1
0.038287051022052765,4.0933356285095215,1
-4.647725582122803,-2.1591274738311768,-1
-4.527798652648926,1.4155744314193726,-1
2.401489496231079,3.5843989849090576,1
-1.1009448766708374,1.8891936540603638,1
2.5551130771636963,2.384732246398926,1
-2.285595178604126,1.1888847351074219,-1
2.680222749710083,2.7991530895233154,1
0.2115686982870102,3.049142599105835,1
-0.6073447465896606,2.7914764881134033,1
4.409130573272705,-3.558817148208618,-1
2.415537118911743,2.092958688735962,1
-3.2635278701782227,4.390494346618652,1
0.22885584831237793,0.18591946363449097,1
-4.729979991912842,0.4485119879245758,-1
3.95764422416687,0.18627482652664185,1
3.5507845878601074,4.310421466827393,1
-4.309514999389648,-0.46407991647720337,-1
2.6641623973846436,-3.6378936767578125,-1
2.976691484451294,-3.1368155479431152,-1
1.2258594036102295,2.042785167694092,1
2.119654655456543,0.6293361783027649,1
-4.8068108558654785,0.8258770108222961,-1
-0.9345080256462097,-0.7486138939857483,-1
2.0088818073272705,1.3491719961166382,1
-1.8197293281555176,4.276198387145996,1
-3.51505970954895,3.7663848400115967,1
-3.984281063079834,-2.121809720993042,-1
-0.9530331492424011,2.7456917762756348,1
-0.7175166010856628,3.4626636505126953,1
0.48476412892341614,-0.29313933849334717,-1
3.681624174118042,3.4790749549865723,1
1.1929274797439575,0.8671101331710815,1
2.989189624786377,1.6833184957504272,1
-2.9644875526428223,-1.5431642532348633,-1
-4.154658317565918,-1.964630365371704,-1
-1.5682345628738403,-3.930130958557129,-1
1.0686554908752441,3.1783831119537354,1
4.035296440124512,-4.471055507659912,-1
0.9978442192077637,-3.982372283935547,-1
-4.533046245574951,1.8755626678466797,-1
-3.642681837081909,2.3023903369903564,-1
4.962063312530518,-4.865536212921143,-1
-4.550393104553223,4.311249732971191,1
3.5055737495422363,2.3564295768737793,1
-4.903167724609375,1.7508950233459473,-1
3.0540542602539062,1.109150767326355,1
0.6850496530532837,1.8009178638458252,1
2.7813632488250732,-3.9355757236480713,-1
-2.0905797481536865,1.871777892112732,1
-4.064786434173584,3.620936632156372,1
-0.6251850724220276,2.0904107093811035,1
0.8547455072402954,-4.394569396972656,-1
-4.9244065284729,-4.212294101715088,-1
-3.0253987312316895,2.011049509048462,-1
-3.0400564670562744,-4.665647029876709,-1
4.228898048400879,4.460178375244141,1
4.2783002853393555,-2.4436841011047363,1
2.1688802242279053,-3.3798828125,-1
-1.777985692024231,-2.3415327072143555,-1
3.320920467376709,-4.846572399139404,-1
1.4775707721710205,3.0946738719940186,1
3.8369364738464355,4.950822353363037,1
0.753307580947876,-0.8551104068756104,-1
3.3271729946136475,-4.627020359039307,-1
-1.9202840328216553,-3.9054131507873535,-1
4.915696620941162,0.018664181232452393,1
-0.25894472002983093,3.8591108322143555,1
-3.978163242340088,1.1400845050811768,-1
0.06514386832714081,3.655316114425659,1
0.14620016515254974,1.2423949241638184,1
0.9798403978347778,-2.104893922805786,-1
0.02776891365647316,-1.367202639579773,-1
-2.761141777038574,-1.139737844467163,-1
2.9389994144439697,0.7256920337677002,1
1.526208519935608,3.9152159690856934,1
-0.40129297971725464,-1.2361457347869873,-1
3.267698287963867,0.02418278157711029,1
-0.7920627593994141,0.2816263735294342,-1
-0.09044534713029861,3.1613404750823975,1
4.451889991760254,1.1146260499954224,1
-0.3316124677658081,-1.1624958515167236,-1
1.961375117301941,-2.9485065937042236,-1
0.31334471702575684,-1.5859904289245605,-1
-4.309844493865967,-3.673285484313965,-1
-0.5895535945892334,2.1342904567718506,1
2.939927816390991,-1.930435061454773,-1
-2.3592607975006104,3.8758909702301025,1
-4.647418975830078,-1.4472479820251465,-1
-1.7019613981246948,4.51043176651001,1
0.08977022767066956,-3.374673366546631,-1
2.8786768913269043,0.4563010036945343,1
-0.36727970838546753,2.0679690837860107,1
4.7948102951049805,1.5186177492141724,1
2.1605777740478516,-4.225235462188721,-1
0.6744831800460815,-2.566723346710205,-1
-1.696487545967102,-1.355911135673523,-1
1.4557833671569824,-4.333350658416748,-1
4.2171630859375,-3.1477389335632324,-1
3.5390665531158447,3.969775676727295,1
-4.612086296081543,4.787114143371582,1
3.630368709564209,-0.05433487519621849,1
0.3538721799850464,3.3346643447875977,1
-0.4092376232147217,-3.5394368171691895,-1
-1.3856782913208008,0.44057056307792664,-1
3.6005585193634033,-3.8851661682128906,-1
2.4007997512817383,2.9090912342071533,1
3.2538907527923584,0.1863512247800827,1
-2.304149627685547,3.2557618618011475,1
0.8183638453483582,-2.5309228897094727,-1
-4.089108467102051,3.0960304737091064,1
0.8260873556137085,-3.7482502460479736,-1
3.9725217819213867,-4.969390869140625,-1
1.4065550565719604,-1.6836082935333252,-1
-2.7830100059509277,-1.720693826675415,-1
-4.671527862548828,-2.7164041996002197,-1
-3.5445663928985596,-0.5813705325126648,-1
2.586773633956909,4.891324996948242,1
-2.1521096229553223,-1.5055391788482666,-1
-2.4472837448120117,-2.1337811946868896,-1
1.8119691610336304,2.5096166133880615,1
0.19907081127166748,4.931171894073486,1
-4.907532215118408,2.8271281719207764,-1
2.7190723419189453,-1.809791088104248,-1
-1.668893575668335,0.3835923373699188,-1
-0.023056402802467346,-4.358545780181885,-1
9.385673329234123E-4,2.772951126098633,1
4.659427642822266,1.8912479877471924,1
-3.5921034812927246,0.23958446085453033,-1
-4.2580766677856445,2.2772436141967773,-1
-3.3876848220825195,3.410609722137451,1
1.939446210861206,1.555565595626831,1
0.5861647725105286,4.200796127319336,1
0.18178431689739227,2.0668933391571045,1
-1.3028756380081177,2.7395248413085938,1
2.833857536315918,-2.1314141750335693,-1
0.6985064744949341,-2.602268695831299,-1
-3.623569965362549,0.7047378420829773,-1
2.804443597793579,2.0337934494018555,1
-1.4310396909713745,0.8833215832710266,-1
2.142632007598877,4.430833339691162,1
0.7355276346206665,1.1393262147903442,1
-1.0976786613464355,2.56392502784729,1
-3.2536022663116455,4.385087013244629,1
-2.1668715476989746,0.8142085671424866,-1
0.5119438171386719,-3.116250991821289,-1
2.4006447792053223,-3.4620635509490967,-1
-0.6377276182174683,-3.1709184646606445,-1
-3.1323018074035645,-1.4980169534683228,-1
1.5550497770309448,4.574624538421631,1
3.8455164432525635,2.6133694648742676,1
2.335658073425293,4.827414512634277,1
-2.5530622005462646,-2.901127815246582,-1
4.467958450317383,3.0063014030456543,1
-4.925800800323486,-1.168204426765442,-1
-4.039425373077393,-2.3378686904907227,-1
4.086719989776611,4.856510162353516,1
-0.1672472357749939,-1.6331539154052734,-1
3.1197009086608887,-1.6726338863372803,1
-1.8045108318328857,3.800800085067749,1
1.662238359451294,-3.9428865909576416,-1
-4.332228660583496,-2.0976247787475586,-1
-4.345952033996582,-4.339025020599365,-1
-4.795600891113281,2.8912296295166016,-1
1.32278311252594,3.886031150817871,1
2.781010866165161,-3.263707160949707,-1
4.259324550628662,4.131593227386475,1
-3.936429738998413,-0.7881303429603577,-1
-4.183695316314697,0.39475512504577637,-1
-3.816289186477661,-4.9300007820129395,-1
4.31552791595459,-3.0836620330810547,-1
1.0479834079742432,-4.9455342292785645,-1
4.262829303741455,-2.344059944152832,1
3.228179454803467,-4.508367538452148,-1
2.7943115234375,-2.609158754348755,-1
-4.588443279266357,-4.984470367431641,-1
-1.0842088460922241,-3.2879912853240967,-1
1.6339267492294312,2.6194024085998535,1
-2.2523298263549805,-3.518521547317505,-1
3.0752041339874268,4.673177719116211,1
-1.0496578216552734,3.418895721435547,1
3.0661652088165283,-0.1939164251089096,1
-4.219361305236816,-2.598982095718384,-1
-2.863206386566162,-0.3740819990634918,-1
-1.1823002099990845,2.786494493484497,1
0.43074101209640503,0.1312285214662552,1
-3.702942132949829,0.6192584037780762,-1
-3.3829329013824463,3.3699307441711426,1
1.2045997381210327,-4.082625389099121,-1
-0.45044079422950745,1.407660722732544,1
3.8074769973754883,4.420213222503662,1
1.3555861711502075,4.991415977478027,1
-2.8630876541137695,-3.8546762466430664,-1
-1.6194368600845337,-2.5711846351623535,-1
2.0882506370544434,-1.102595329284668,-1
-0.5292373895645142,0.15056467056274414,-1
-1.7335134744644165,3.4752843379974365,1
-0.5536664128303528,0.1834844946861267,-1
-3.519104242324829,3.7388312816619873,1
